Time,Acc X,Acc Y,Acc Z,Gyro X,Gyro Y,Gyro Z,Phase
0,-0.24,-0.05,-0.08,3.19,-1.43,-0.21,No Movement
0.03,-0.24,-0.05,-0.08,3.17,-1.36,-0.38,No Movement
0.05,-0.24,-0.04,-0.08,3.05,-1.29,-0.54,No Movement
0.08,-0.24,-0.04,-0.08,2.93,-1.23,-0.77,No Movement
0.12,-0.24,-0.04,-0.08,2.87,-1.11,-1.14,No Movement
0.16,-0.24,-0.04,-0.08,2.79,-1.07,-1.33,No Movement
0.2,-0.24,-0.05,-0.08,2.79,-1.03,-1.57,No Movement
0.25,-0.24,-0.05,-0.08,2.84,-0.94,-1.57,No Movement
0.29,-0.24,-0.05,-0.08,2.81,-0.8,-1.57,No Movement
0.33,-0.24,-0.05,-0.08,2.8,-0.83,-1.26,No Movement
0.37,-0.24,-0.05,-0.07,2.71,-0.76,-1,No Movement
0.41,-0.24,-0.05,-0.07,2.7,-0.72,-0.65,No Movement
0.45,-0.24,-0.05,-0.08,2.73,-0.69,-0.45,No Movement
0.5,-0.24,-0.05,-0.07,2.75,-0.6,-0.35,No Movement
0.54,-0.23,-0.05,-0.07,2.47,-0.2,-0.21,No Movement
0.58,-0.24,-0.05,-0.07,1.62,0.64,0.44,No Movement
0.62,-0.24,-0.05,-0.08,1.11,0.32,1.27,No Movement
0.66,-0.24,-0.05,-0.08,-2.11,-1.08,2.1,No Movement
0.7,-0.24,-0.04,-0.08,0.64,-1.49,2.19,No Movement
0.74,-0.24,-0.03,-0.08,2.59,-1.8,1.39,No Movement
0.78,-0.24,-0.04,-0.08,3.6,-2.67,0.61,No Movement
0.82,-0.24,-0.04,-0.08,4.04,-3.68,0.02,No Movement
0.86,-0.24,-0.03,-0.07,4.81,-4.58,-0.74,No Movement
0.9,-0.24,-0.03,-0.07,5.71,-4.98,-1.87,No Movement
0.94,-0.24,-0.04,-0.06,4.79,-4,-3.48,No Movement
0.99,-0.24,-0.04,-0.06,3.47,-2.97,-5.13,No Movement
1.03,-0.24,-0.04,-0.06,2.35,-2.42,-7.01,No Movement
1.07,-0.25,-0.04,-0.06,1.5,-1.92,-9.19,No Movement
1.11,-0.25,-0.05,-0.05,2.02,-0.85,-11.73,No Movement
1.15,-0.27,-0.06,-0.07,1.62,1.42,-11.47,No Movement
1.2,-0.25,-0.07,-0.06,1.14,2.02,-11.95,No Movement
1.24,-0.25,-0.07,-0.08,2.59,1.72,-11.43,No Movement
1.28,-0.24,-0.06,-0.09,2.87,-1.42,-9.58,No Movement
1.32,-0.23,0.04,-0.07,3.97,0.11,-2.62,No Movement
1.36,-0.22,0.04,-0.05,0.26,0.46,4.77,No Movement
1.4,-0.22,0.02,-0.04,-4.49,-0.52,11.16,No Movement
1.44,-0.23,-0.02,-0.09,-9.13,-3.29,16.42,No Movement
1.48,-0.2,-0.06,-0.06,2.22,2.43,9.26,No Movement
1.52,-0.23,-0.17,-0.1,7.07,0.9,-3.48,No Movement
1.56,0.02,-0.18,0.13,18.46,8.42,-3.99,No Movement
1.6,-0.26,0.02,0,12.78,-2.81,4.63,No Movement
1.64,-0.21,-0.11,-0.01,-3.94,1.69,-1.88,No Movement
1.68,-0.23,-0.07,-0.08,-2.59,-0.99,5.18,No Movement
1.72,-0.25,-0.05,-0.13,0.69,1.56,3.55,No Movement
1.76,-0.25,-0.04,-0.09,4.94,2.12,2.9,No Movement
1.8,-0.25,-0.05,-0.05,4.42,2.7,0.46,No Movement
1.84,-0.24,-0.06,-0.05,1.81,2.63,-1.23,No Movement
1.88,-0.23,-0.05,-0.1,1.69,2.72,-1.62,No Movement
1.92,-0.23,-0.06,-0.09,3.18,2.83,-1.37,No Movement
1.97,-0.23,-0.06,-0.07,2.47,3.05,-0.86,No Movement
2.01,-0.23,-0.06,-0.08,1.26,3.58,-0.1,No Movement
2.05,-0.23,-0.07,-0.09,0.5,3.73,1.06,No Movement
2.09,-0.22,-0.06,-0.1,-2.82,4.02,3.68,No Movement
2.13,-0.25,-0.03,-0.09,-3.7,4.32,2.84,No Movement
2.17,-0.24,-0.04,-0.11,-1.88,3.98,2.06,No Movement
2.21,-0.24,-0.04,-0.13,0.94,2.16,1.13,No Movement
2.25,-0.24,-0.05,-0.11,2.39,0.75,0.97,No Movement
2.29,-0.23,-0.04,-0.11,2.69,-0.57,1.24,No Movement
2.33,-0.23,-0.04,-0.11,3.03,-0.94,0.59,No Movement
2.37,-0.23,-0.04,-0.11,2.62,-0.43,-0.49,No Movement
2.41,-0.23,-0.04,-0.11,2.2,0.1,-2.26,No Movement
2.45,-0.23,-0.04,-0.11,1.95,0.14,-3.49,No Movement
2.49,-0.23,-0.04,-0.11,2.45,0.34,-3.95,No Movement
2.53,-0.23,-0.04,-0.11,4.27,0.77,-5.22,No Movement
2.57,-0.24,-0.04,-0.11,5.68,0.79,-6.23,No Movement
2.61,-0.24,-0.04,-0.11,6.17,-0.29,-8.24,No Movement
2.65,-0.24,-0.06,-0.11,4.84,-1.42,-10.94,No Movement
2.7,-0.23,-0.08,-0.1,3.33,-2.26,-11.51,Heel Liftoff
2.74,-0.23,-0.07,-0.12,3.89,-1.46,-10.91,Heel Liftoff
2.78,-0.24,-0.08,-0.1,4.97,0.24,-10.74,Heel Liftoff
2.82,-0.25,-0.08,-0.12,5.45,0.32,-11.08,Heel Liftoff
2.86,-0.26,-0.08,-0.1,7.84,0.42,-14.56,Heel Liftoff
2.91,-0.28,-0.07,-0.1,8.84,-0.42,-21.05,Heel Liftoff
2.95,-0.3,-0.06,-0.1,9.99,0.19,-30.61,Foot Liftoff
2.99,-0.32,-0.07,-0.06,12.88,0.21,-40.58,Foot Liftoff
3.03,-0.31,-0.11,-0.11,9.47,4.25,-52.93,Foot Liftoff
3.07,-0.31,-0.16,-0.15,8.26,5.97,-50.2,Foot Liftoff
3.12,-0.14,-0.07,-0.1,2.87,1.72,-39.38,Foot Liftoff
3.16,0.03,-0.21,-0.11,12.2,1.27,-8.42,Foot Liftoff
3.2,-0.09,0.02,-0.06,6.94,-2.99,25.12,Foot Liftoff
3.24,-0.11,0,-0.04,1.89,-11.47,31.1,Foot Liftoff
3.28,-0.14,-0.04,-0.07,-2.91,-12.23,47.14,Foot Liftoff
3.32,-0.19,0,-0.08,-8,-13.05,61.46,Foot Liftoff
3.37,-0.28,-0.03,-0.06,-9.52,-10.68,63.87,Foot Liftoff
3.41,-0.39,-0.12,-0.14,-7.84,-10.75,59.56,Foot Liftoff
3.46,-0.4,-0.13,-0.12,-11.45,-11.44,64.08,Heel Landing
3.5,-0.37,-0.19,-0.11,-12.1,-11.55,52.91,Heel Landing
3.54,-0.26,-0.3,-0.17,-7.71,-8.55,33.45,Heel Landing
3.59,-0.18,-0.27,-0.14,-1.71,-0.72,5.85,Foot Landing
3.63,-0.58,-0.12,-0.23,-0.5,22.71,-28.2,Foot Landing
3.67,-0.2,0.15,0.03,-4.59,4.08,-27.81,Foot Landing
3.71,-0.32,-0.21,-0.1,0.77,9.15,-26.6,Foot Landing
3.76,-0.23,0.02,-0.09,2.83,11.59,-15.74,Foot Landing
3.8,-0.24,-0.05,-0.11,2.78,6.39,-11.92,Foot Landing
3.84,-0.24,-0.01,-0.08,1.69,4.94,-9.75,Foot Landing
3.88,-0.24,-0.02,-0.1,1.1,4.53,-6.27,Foot Landing
3.92,-0.24,-0.02,-0.1,2.91,3.03,-4.05,Foot Landing
3.96,-0.24,-0.03,-0.1,3.18,2.78,-2.53,Foot Landing
4,-0.23,-0.02,-0.12,3.87,2.17,-1.98,Foot Landing
4.04,-0.23,-0.02,-0.11,4.91,1.78,-2.01,Foot Landing
4.08,-0.24,-0.03,-0.11,5.56,1.59,-2.62,Foot Landing
4.12,-0.23,-0.01,-0.11,5.12,1.5,-4.47,Foot Landing
4.16,-0.23,-0.01,-0.12,3.27,2.24,-8.13,Foot Landing
4.2,-0.23,-0.03,-0.1,2.07,1.9,-11.54,Foot Landing
4.24,-0.24,-0.05,-0.1,4.42,1.83,-11.72,Foot Landing
4.29,-0.26,-0.05,-0.1,7.16,-0.51,-13.49,Heel Liftoff
4.33,-0.26,-0.04,-0.12,3.49,-1.27,-15.21,Heel Liftoff
4.37,-0.28,-0.07,-0.13,6.78,2.67,-18.65,Heel Liftoff
4.41,-0.35,-0.04,-0.14,12.99,7.16,-27.64,Heel Liftoff
4.46,-0.42,-0.01,-0.07,16.58,8.71,-43.28,Foot Liftoff
4.5,-0.42,0.02,-0.08,21.16,6.26,-64.35,Foot Liftoff
4.54,-0.32,-0.45,-0.22,8.5,18.03,-72.87,Foot Liftoff
4.58,-0.21,0.12,-0.07,13.13,7.19,-52.72,Foot Liftoff
4.62,-0.02,-0.27,-0.13,29.56,-3.9,-29.61,Foot Liftoff
4.67,-0.08,0.04,-0.11,15.07,7.61,33.7,Foot Liftoff
4.71,-0.1,0.12,0.02,-1.05,-12.69,40.77,Foot Liftoff
4.75,-0.1,0.01,-0.01,-3.79,-6.67,49.75,Foot Liftoff
4.79,-0.18,0,-0.07,-12.58,-8.84,70.12,Foot Liftoff
4.83,-0.28,0,-0.07,-15.35,-12.55,79.95,Heel Landing
4.88,-0.43,-0.03,-0.09,-12.66,-14.68,82.8,Heel Landing
4.92,-0.55,-0.22,-0.14,-15.8,-18.51,81.41,Heel Landing
4.97,-0.39,-0.52,-0.32,-12.22,-16.13,60.45,Heel Landing
5.01,-0.13,-0.52,-0.22,18.91,6.12,8.39,Foot Landing
5.05,0.04,0.17,0.11,-4.89,13.34,-27.8,Foot Landing
5.09,-0.26,-0.1,0.04,-24.03,5.98,-48.67,Foot Landing
5.14,-0.29,-0.14,-0.09,17.75,17.72,-29.67,Foot Landing
5.18,-0.23,-0.03,-0.21,-2.99,6,-27.08,Foot Landing
5.22,-0.25,-0.13,-0.1,2.52,8.13,-15.51,Foot Landing
5.26,-0.25,-0.04,-0.12,3.39,6.48,-8.76,Foot Landing
5.3,-0.23,-0.03,-0.11,4.41,5.24,-6.29,Foot Landing
5.34,-0.23,-0.04,-0.11,5.35,4.18,-6.62,Foot Landing
5.39,-0.23,-0.04,-0.12,8.06,2.47,-6.7,Foot Landing
5.43,-0.24,-0.05,-0.1,6.39,1.95,-6.52,Foot Landing
5.47,-0.24,-0.04,-0.13,2.22,-2.11,-9.43,Foot Landing
5.51,-0.23,-0.05,-0.11,4.17,0.32,-9.37,Heel Liftoff
5.55,-0.23,-0.06,-0.12,4.32,0.12,-9.19,Heel Liftoff
5.59,-0.23,-0.07,-0.11,5.61,1.58,-9.06,Heel Liftoff
5.63,-0.26,-0.05,-0.12,5.81,2.09,-13.22,Heel Liftoff
5.67,-0.28,-0.05,-0.11,6.68,4.3,-21.45,Heel Liftoff
5.71,-0.35,-0.04,-0.12,10.94,6.17,-30.82,Foot Liftoff
5.76,-0.44,0.02,-0.06,19.1,2.93,-48.49,Foot Liftoff
5.8,-0.45,0.03,-0.05,16.21,5.81,-71.77,Foot Liftoff
5.84,-0.43,-0.2,-0.24,10.52,20.04,-69.35,Foot Liftoff
5.88,-0.07,0.06,-0.06,14.16,-5.17,-46,Foot Liftoff
5.93,-0.01,-0.1,-0.15,30.89,12.96,6.2,Foot Liftoff
5.97,-0.08,0.12,-0.05,15.46,-2.84,38.09,Foot Liftoff
6.01,-0.09,0.05,0.02,2.75,-6.67,42.28,Foot Liftoff
6.05,-0.13,0,-0.03,-7.92,-6.2,61.43,Foot Liftoff
6.09,-0.22,0.01,-0.07,-21.83,-14.48,76.36,Foot Liftoff
6.13,-0.32,-0.02,-0.09,-18.16,-18.04,83.59,Heel Landing
6.18,-0.53,-0.12,-0.14,-12.77,-21.33,83.36,Heel Landing
6.22,-0.55,-0.38,-0.21,-12.05,-20.58,80.2,Heel Landing
6.27,-0.2,-0.56,-0.29,7.3,-4.44,44.71,Foot Landing
6.31,-0.61,-0.23,-0.25,13.81,27.36,-29.58,Foot Landing
6.35,-0.22,0.2,0.26,-19.56,3.31,-47.93,Foot Landing
6.39,-0.3,-0.34,-0.15,5.29,17.64,-39.07,Foot Landing
6.44,-0.23,-0.02,-0.23,-3.56,12.64,-28.95,Foot Landing
6.48,-0.26,-0.09,-0.12,2.65,5.44,-21.13,Foot Landing
6.52,-0.22,-0.04,-0.1,2.64,6.77,-15.38,Foot Landing
6.56,-0.23,-0.09,-0.1,5.11,5.25,-11.24,Foot Landing
6.61,-0.23,-0.06,-0.12,5.36,4.35,-8.35,Foot Landing
6.65,-0.23,-0.06,-0.12,6.29,2.04,-6.73,Foot Landing
6.69,-0.23,-0.06,-0.12,7.2,0.92,-5.46,Foot Landing
6.73,-0.23,-0.06,-0.12,6.77,0.36,-6.17,Foot Landing
6.77,-0.23,-0.07,-0.12,6.16,0.58,-7,Foot Landing
6.81,-0.22,-0.07,-0.11,5.64,1.38,-7.71,Heel Liftoff
6.85,-0.23,-0.07,-0.11,3.75,1.98,-9.6,Heel Liftoff
6.89,-0.27,-0.06,-0.12,3.86,2.2,-14.8,Heel Liftoff
6.93,-0.29,-0.06,-0.12,5.2,5.1,-23.11,Foot Liftoff
6.97,-0.36,-0.06,-0.15,12.65,6.43,-33.04,Foot Liftoff
7.01,-0.41,0.03,-0.07,22.86,-0.07,-53.9,Foot Liftoff
7.06,-0.48,-0.02,-0.1,17.64,9.83,-78.69,Foot Liftoff
7.1,-0.45,-0.05,-0.21,12.77,14.2,-63.13,Foot Liftoff
7.14,-0.08,-0.17,-0.11,38.26,-7.3,-52.44,Foot Liftoff
7.19,-0.01,-0.04,-0.13,28.06,14.71,24.65,Foot Liftoff
7.23,-0.06,0.14,-0.02,3.22,-1.98,49.43,Foot Liftoff
7.27,-0.1,0.05,0.04,-7.6,-4.65,51.99,Foot Liftoff
7.31,-0.16,0.01,-0.06,-15.93,-2.52,66.17,Foot Liftoff
7.35,-0.25,-0.02,-0.09,-22.17,-12,81.49,Foot Liftoff
7.4,-0.38,-0.02,-0.1,-15.07,-16.24,87.35,Heel Landing
7.44,-0.54,-0.2,-0.17,-13.46,-16.52,83.56,Heel Landing
7.49,-0.47,-0.47,-0.22,-12.9,-12.29,75.67,Heel Landing
7.53,-0.18,-0.5,-0.2,2.81,-0.85,26.56,Foot Landing
7.57,-1.09,-0.13,-0.26,3.74,36.39,-48.15,Foot Landing
7.62,-0.22,-0.1,0.2,-23.44,6.56,-53.64,Foot Landing
7.66,-0.28,-0.16,-0.11,10.38,15.51,-34.18,Foot Landing
7.7,-0.26,-0.06,-0.17,-1.45,9.42,-27.44,Foot Landing
7.75,-0.23,0.09,-0.05,2.49,7.07,-14,Foot Landing
7.79,-0.23,-0.03,-0.09,2.42,4.5,-9.75,Foot Landing
7.83,-0.23,-0.04,-0.1,4.18,4.58,-5.34,Foot Landing
7.87,-0.23,-0.04,-0.12,4.86,3.11,-3.68,Foot Landing
7.91,-0.23,-0.02,-0.13,6.79,1.58,-4.67,Foot Landing
7.95,-0.24,-0.05,-0.11,10.06,2.11,-4.56,Foot Landing
7.99,-0.22,-0.06,-0.11,6.57,-0.35,-8.31,Foot Landing
8.03,-0.24,-0.04,-0.11,6.56,0.16,-9.61,Heel Liftoff
8.07,-0.24,-0.05,-0.12,5.2,1.57,-10.98,Heel Liftoff
8.11,-0.26,-0.04,-0.12,3.84,1.96,-15.29,Heel Liftoff
8.16,-0.3,-0.05,-0.1,6,4.86,-22.83,Heel Liftoff
8.2,-0.33,-0.05,-0.11,9.2,7.27,-31.18,Foot Liftoff
8.24,-0.42,0.05,-0.12,18.11,4.26,-47.6,Foot Liftoff
8.28,-0.49,0.07,-0.03,22.27,-2.03,-72.17,Foot Liftoff
8.32,-0.5,-0.45,-0.29,10.84,21.61,-79.66,Foot Liftoff
8.37,-0.11,0.24,-0.01,19.96,0.29,-58.09,Foot Liftoff
8.41,-0.04,-0.24,-0.15,31.32,0.02,-19.15,Foot Liftoff
8.45,-0.06,0.04,-0.08,2.99,2.16,40.28,Foot Liftoff
8.49,-0.06,0.1,0,-0.73,-11.23,51.94,Foot Liftoff
8.53,-0.11,0.03,-0.02,-4.08,-8.81,56.62,Foot Liftoff
8.57,-0.16,-0.01,-0.07,-13.06,-13.69,74.81,Foot Liftoff
8.62,-0.29,0,-0.09,-14.85,-17.26,85.36,Heel Landing
8.66,-0.47,-0.04,-0.14,-18.23,-17.09,85.67,Heel Landing
8.71,-0.6,-0.44,-0.22,-15.84,-14.18,84.06,Heel Landing
8.75,-0.29,-0.59,-0.41,-2.7,-10.3,67.62,Foot Landing
8.8,-0.36,-0.32,-0.11,20.75,19.27,-23.65,Foot Landing
8.84,-0.22,-0.11,0.2,-26.25,6.03,-52.96,Foot Landing
8.88,-0.27,-0.17,-0.13,9.42,17,-38.72,Foot Landing
8.92,-0.24,-0.08,-0.24,-3.6,8.09,-30.25,Foot Landing
8.97,-0.25,-0.12,-0.11,7.34,6.54,-16.8,Foot Landing
9.01,-0.24,-0.01,-0.11,3.12,6.25,-11.29,Foot Landing
9.05,-0.23,-0.03,-0.13,5.75,5.15,-7.8,Foot Landing
9.09,-0.23,-0.05,-0.12,7.74,3.39,-6.49,Foot Landing
9.13,-0.22,-0.05,-0.11,8.65,1.07,-4.92,Foot Landing
9.17,-0.23,-0.04,-0.12,7.01,0.95,-5,Foot Landing
9.21,-0.22,-0.05,-0.11,4.49,-0.13,-7.41,Foot Landing
9.25,-0.23,-0.05,-0.12,4.22,0.18,-8.86,Foot Landing
9.3,-0.24,-0.05,-0.11,5.12,1.9,-10.25,Heel Liftoff
9.34,-0.25,-0.05,-0.11,1.45,2.64,-13.87,Heel Liftoff
9.38,-0.28,-0.05,-0.12,4.2,3.8,-20.54,Heel Liftoff
9.42,-0.28,-0.06,-0.13,7.36,5.89,-27.18,Foot Liftoff
9.46,-0.35,-0.01,-0.14,14.91,5.59,-37.2,Foot Liftoff
9.5,-0.43,0.04,-0.01,25.84,-5.1,-57.16,Foot Liftoff
9.55,-0.43,-0.19,-0.17,5.1,18.91,-83.61,Foot Liftoff
9.59,-0.37,0.14,-0.11,14.73,16.33,-58.08,Foot Liftoff
9.63,-0.04,-0.31,-0.14,40.08,-3.97,-41.54,Foot Liftoff
9.68,-0.09,0.06,-0.13,21.89,10.88,33,Foot Liftoff
9.72,-0.07,0.11,0.01,5.89,-9.34,46.65,Foot Liftoff
9.76,-0.1,0.02,0.03,-0.35,-3.62,54.71,Foot Liftoff
9.8,-0.16,0.02,-0.06,-14.41,-6.29,72.91,Foot Liftoff
9.84,-0.26,0,-0.07,-21.47,-15.13,87.04,Foot Liftoff
9.89,-0.44,-0.03,-0.1,-10.42,-19.33,82.42,Foot Liftoff
9.93,-0.51,-0.25,-0.19,-3.85,-17.3,83.65,Heel Landing
9.97,-0.43,-0.26,-0.1,-10.17,-9.23,72.89,Heel Landing
10.02,-0.19,-0.51,-0.19,-5.31,-2.97,26.79,Heel Landing
10.06,-0.22,-0.34,-0.15,-3.76,8.58,-26.28,Foot Landing
10.1,-0.26,0.09,0.27,-29.77,-3.07,-58.09,Foot Landing
10.15,-0.3,-0.33,-0.13,-3.52,16.23,-40.42,Foot Landing
10.19,-0.23,0.07,-0.23,-0.56,13.83,-29.9,Foot Landing
10.24,-0.22,-0.03,-0.07,5.48,10.53,-15.48,Foot Landing
10.28,-0.23,-0.04,-0.12,1.68,7.81,-12.74,Foot Landing
10.32,-0.24,-0.05,-0.1,4.94,5.65,-9.09,Foot Landing
10.36,-0.23,-0.04,-0.13,6.26,4.71,-6.42,Foot Landing
10.41,-0.23,-0.05,-0.12,6.67,2.25,-5.64,Foot Landing
10.45,-0.24,-0.05,-0.1,4.9,0.73,-5.8,Foot Landing
10.49,-0.24,-0.05,-0.11,4.02,-0.21,-6.69,Foot Landing
10.53,-0.24,-0.05,-0.11,4.62,0.71,-8.67,Heel Liftoff
10.57,-0.25,-0.06,-0.11,5.11,2.44,-10.75,Heel Liftoff
10.62,-0.27,-0.05,-0.12,6.78,2.94,-14.62,Heel Liftoff
10.66,-0.3,-0.04,-0.1,7.2,4.28,-24.16,Heel Liftoff
10.7,-0.35,-0.04,-0.12,11.07,7.26,-36.08,Foot Liftoff
10.75,-0.4,0.05,-0.14,24.24,3.14,-55.87,Foot Liftoff
10.79,-0.44,0.04,-0.02,27.29,-1.42,-81.04,Foot Liftoff
10.83,-0.45,-0.12,-0.24,20.23,21.81,-69.29,Foot Liftoff
10.88,-0.1,-0.15,-0.11,44.11,-2.19,-49.91,Foot Liftoff
10.92,-0.04,0.01,-0.11,19.9,20.05,27.98,Foot Liftoff
10.96,-0.06,0.15,0.02,-8.91,-0.68,47.05,Foot Liftoff
11.01,-0.09,0.03,0.03,-18.06,0.58,51.16,Foot Liftoff
11.05,-0.15,-0.02,-0.07,-26.01,-3.74,72.42,Foot Liftoff
11.09,-0.25,-0.01,-0.07,-20.99,-13.78,87.9,Foot Liftoff
11.14,-0.43,-0.01,-0.09,-5.96,-18.62,85.86,Heel Landing
11.18,-0.54,-0.28,-0.16,-5.64,-14.59,88.04,Heel Landing
11.23,-0.43,-0.4,-0.12,-16.68,-7.8,70.53,Heel Landing
11.27,-0.16,-0.57,-0.19,-7.57,0.12,14.98,Foot Landing
11.31,0.24,-0.01,-0.1,-6.8,13.2,-40.01,Foot Landing
11.36,-0.32,-0.26,-0.11,-4.76,14.66,-47.35,Foot Landing
11.4,-0.23,0,-0.16,14.13,18.23,-27.77,Foot Landing
11.45,-0.32,-0.29,-0.16,-4.11,5.26,-24.68,Foot Landing
11.49,-0.22,-0.04,-0.07,5.58,6.43,-12.09,Foot Landing
11.53,-0.24,-0.01,-0.12,1.92,6.38,-6.83,Foot Landing
11.57,-0.23,-0.02,-0.12,6.32,4.6,-5.16,Foot Landing
11.62,-0.24,-0.03,-0.11,7.45,3.37,-5,Foot Landing
11.66,-0.23,-0.03,-0.12,8.16,1.01,-5.8,Foot Landing
11.7,-0.23,-0.04,-0.12,10.54,1.85,-4.43,Foot Landing
11.74,-0.22,-0.05,-0.12,3.76,-0.41,-9.06,Foot Landing
11.78,-0.23,-0.04,-0.12,2.64,-0.75,-9.89,Foot Landing
11.83,-0.24,-0.05,-0.12,3.87,-0.74,-9.81,Heel Liftoff
11.87,-0.26,-0.04,-0.12,4.78,-0.04,-13.02,Heel Liftoff
11.91,-0.3,-0.04,-0.1,6.16,3.46,-22.02,Heel Liftoff
11.96,-0.33,-0.05,-0.13,10.17,7.4,-30.97,Foot Liftoff
12,-0.4,0.03,-0.13,20.58,4.03,-44.4,Foot Liftoff
12.04,-0.42,0.04,0,27.13,-4.78,-65.71,Foot Liftoff
12.09,-0.46,-0.45,-0.29,12.89,24.28,-77.71,Foot Liftoff
12.13,-0.14,0.19,-0.04,18.05,7.96,-55.51,Foot Liftoff
12.17,-0.04,-0.28,-0.11,37.94,5.71,-17.64,Foot Liftoff
12.22,-0.11,0.09,-0.1,5.65,9.45,41.36,Foot Liftoff
12.26,-0.08,0.1,0.04,-8.34,-5.34,48.2,Foot Liftoff
12.3,-0.11,0,-0.01,-8.16,-1.58,59.62,Foot Liftoff
12.34,-0.2,0,-0.06,-15.37,-8.78,80.74,Foot Liftoff
12.39,-0.31,-0.01,-0.06,-12.77,-15.85,90.49,Foot Liftoff
12.43,-0.58,-0.11,-0.12,-13.17,-22.11,89.15,Heel Landing
12.48,-0.56,-0.32,-0.18,-18.77,-23,93.18,Heel Landing
12.52,-0.24,-0.58,-0.3,-0.03,-2.49,35.94,Foot Landing
12.57,-1.19,-0.08,-0.4,14.64,52.8,-48.04,Foot Landing
12.61,-0.13,-0.14,0.23,-26.93,5.32,-61.92,Foot Landing
12.66,-0.29,-0.19,-0.1,9.62,16.92,-35.64,Foot Landing
12.7,-0.25,-0.03,-0.21,-3.22,7.95,-27.67,Foot Landing
12.74,-0.22,0.06,-0.01,5.08,6.55,-15.02,Foot Landing
12.78,-0.23,-0.01,-0.09,3.21,6.26,-10.5,Foot Landing
12.83,-0.23,-0.03,-0.11,4.13,5.44,-7.9,Foot Landing
12.87,-0.24,-0.04,-0.11,4.86,3.78,-7.7,Foot Landing
12.91,-0.23,-0.04,-0.12,7.67,2.46,-7.12,Foot Landing
12.95,-0.24,-0.05,-0.11,7.4,1.47,-7.24,Foot Landing
12.99,-0.24,-0.04,-0.11,6.07,0.19,-7.79,Foot Landing
13.04,-0.23,-0.05,-0.12,4.71,-0.77,-8.11,Foot Landing
13.08,-0.23,-0.06,-0.13,4.96,0.49,-8.41,Heel Liftoff
13.12,-0.26,-0.05,-0.1,4.58,0.61,-10.59,Heel Liftoff
13.16,-0.29,-0.04,-0.1,4.55,3.37,-17.25,Heel Liftoff
13.21,-0.29,-0.05,-0.11,7.16,5.52,-25.19,Foot Liftoff
13.25,-0.37,-0.01,-0.11,14.53,3.69,-35.43,Foot Liftoff
13.29,-0.44,0.07,0,21.37,-6.36,-60.35,Foot Liftoff
13.34,-0.4,-0.24,-0.18,2.75,17.98,-88.52,Foot Liftoff
13.38,-0.34,0.13,-0.12,13.53,13.83,-60.61,Foot Liftoff
13.42,-0.07,-0.21,-0.15,40.22,-5.97,-46.06,Foot Liftoff
13.47,-0.04,-0.03,-0.1,19.01,10.11,30.29,Foot Liftoff
13.51,-0.06,0.14,-0.01,2.11,-7.65,53.6,Foot Liftoff
13.55,-0.11,0.05,0.03,-7.45,-6.15,53.7,Foot Liftoff
13.59,-0.18,-0.01,-0.07,-19.05,-8.75,70.72,Foot Liftoff
13.64,-0.28,0,-0.08,-23.2,-17.71,84.26,Heel Landing
13.68,-0.46,-0.02,-0.12,-17.48,-19.62,83.2,Heel Landing
13.73,-0.63,-0.37,-0.21,-15.1,-19.34,79.48,Heel Landing
13.77,-0.3,-0.61,-0.31,-7.59,-11.51,73.17,Foot Landing
13.82,-0.6,-0.25,-0.21,19.65,21.06,-16.46,Foot Landing
13.86,-0.52,0.33,0.18,-14.42,6.92,-44.3,Foot Landing
13.91,-0.31,-0.28,-0.16,-3.06,17.8,-41.32,Foot Landing
13.95,-0.25,0,-0.25,0.17,14.3,-30.58,Foot Landing
14,-0.25,-0.05,-0.1,3.58,11,-19.8,Foot Landing
14.04,-0.25,-0.03,-0.11,1.36,6.94,-11.76,Foot Landing
14.08,-0.23,-0.05,-0.1,3.68,5.23,-7.55,Foot Landing
14.12,-0.23,-0.05,-0.11,7,4.74,-3.9,Foot Landing
14.17,-0.23,-0.04,-0.13,7.62,0.74,-3.8,Foot Landing
14.21,-0.24,-0.04,-0.11,6.45,-0.76,-4.71,Foot Landing
14.25,-0.24,-0.04,-0.11,4.71,-1.13,-6.01,Foot Landing
14.29,-0.23,-0.04,-0.11,3.8,-1.02,-7.38,Heel Liftoff
14.34,-0.24,-0.05,-0.12,3.77,-0.3,-8.45,Heel Liftoff
14.38,-0.27,-0.04,-0.11,6.84,0.56,-11.34,Heel Liftoff
14.42,-0.3,-0.04,-0.09,5.57,2.98,-19.8,Heel Liftoff
14.46,-0.32,-0.04,-0.14,9.62,6.42,-29.86,Foot Liftoff
14.51,-0.4,0,-0.14,22.45,4.06,-43.09,Foot Liftoff
14.55,-0.4,0.03,-0.03,27.57,-6.1,-65.5,Foot Liftoff
14.59,-0.4,-0.5,-0.25,13.52,22.89,-78.28,Foot Liftoff
14.64,-0.19,0.17,-0.1,21.21,15.45,-56.74,Foot Liftoff
14.68,-0.04,-0.24,-0.07,31.51,0.64,-28.18,Foot Liftoff
14.72,-0.07,0.04,-0.08,-2.35,3.74,32.23,Foot Liftoff
14.77,-0.07,0.08,0,-13.7,-11.27,45.37,Foot Liftoff
14.81,-0.1,0.01,-0.03,-14.74,-7.4,53.9,Foot Liftoff
14.85,-0.19,-0.03,-0.1,-18.16,-10.91,74.91,Foot Liftoff
14.9,-0.32,-0.01,-0.11,-12.34,-16.22,87.07,Heel Landing
14.94,-0.5,-0.04,-0.13,-3.78,-12.68,82.42,Heel Landing
14.99,-0.56,-0.27,-0.15,-3.47,-7.26,78.7,Heel Landing
15.03,-0.36,-0.48,-0.19,-6.88,-4.99,68.65,Heel Landing
15.08,-0.15,-0.48,-0.11,0.21,2.33,7.52,Foot Landing
15.12,0.29,-0.01,0.01,-20.75,14.35,-37.66,Foot Landing
15.16,-0.28,-0.31,-0.07,-12.52,13.31,-51.76,Foot Landing
15.21,-0.23,0.01,-0.2,16.32,20.95,-28.12,Foot Landing
15.25,-0.25,-0.15,-0.08,6.28,-0.53,-21.65,Foot Landing
15.29,-0.23,-0.01,-0.07,5.04,6.82,-13.21,Foot Landing
15.34,-0.22,-0.05,-0.1,2.91,6.24,-10.93,Foot Landing
15.38,-0.23,-0.04,-0.13,6.06,4.96,-5.74,Foot Landing
15.42,-0.23,-0.04,-0.14,6.21,2.05,-5.68,Foot Landing
15.46,-0.23,-0.05,-0.12,7.45,0.24,-4.91,Foot Landing
15.5,-0.24,-0.03,-0.1,8.07,-0.1,-3.16,Foot Landing
15.55,-0.24,-0.05,-0.13,4.69,-0.34,-7.28,Heel Liftoff
15.59,-0.24,-0.05,-0.11,7.08,0.91,-8.09,Heel Liftoff
15.63,-0.24,-0.05,-0.1,5.2,2.88,-11.08,Heel Liftoff
15.67,-0.27,-0.03,-0.13,4.23,3.19,-16.94,Heel Liftoff
15.72,-0.3,-0.04,-0.11,5.59,5.11,-26.88,Foot Liftoff
15.76,-0.36,-0.03,-0.12,11.73,5.77,-36.65,Foot Liftoff
15.8,-0.39,0.05,-0.04,18.96,-4.57,-58.53,Foot Liftoff
15.85,-0.46,-0.05,-0.19,4.62,17.61,-86.44,Foot Liftoff
15.89,-0.43,0.08,-0.16,13.08,14.85,-65.03,Foot Liftoff
15.93,-0.05,-0.29,-0.19,65.67,-0.62,-59.16,Foot Liftoff
15.98,-0.05,0.04,-0.12,32.84,15.09,24.07,Foot Liftoff
16.02,-0.07,0.1,0,0.07,-1.2,47.09,Foot Liftoff
16.06,-0.09,0.04,0.03,-11.65,-0.46,60.13,Foot Liftoff
16.1,-0.17,0.03,-0.05,-22.94,-3.59,76.2,Foot Liftoff
16.15,-0.26,-0.02,-0.07,-19.61,-14.28,89.4,Heel Landing
16.2,-0.42,-0.01,-0.06,-6.35,-17.81,97.26,Heel Landing
16.24,-0.67,-0.23,-0.16,-13.04,-17.59,94.94,Heel Landing
16.29,-0.4,-0.53,-0.2,-11.71,-4.26,77.58,Heel Landing
16.33,-0.16,-0.53,-0.23,-1.89,5.47,-1.57,Foot Landing
16.37,-0.22,0.51,0.03,7.65,9.86,-46.13,Foot Landing
16.41,-0.44,-0.26,-0.1,-7.51,19.55,-47.8,Foot Landing
16.46,-0.22,0.04,-0.24,12.29,19.51,-29.93,Foot Landing
16.5,-0.19,0.09,-0.02,3.43,8.72,-17.54,Foot Landing
16.54,-0.22,-0.02,-0.12,8.25,5.84,-15.23,Foot Landing
16.59,-0.24,-0.02,-0.11,3.64,4.8,-11.56,Foot Landing
16.63,-0.23,-0.04,-0.11,7.07,3.62,-7.76,Foot Landing
16.67,-0.23,-0.04,-0.11,6.49,1.8,-5.75,Foot Landing
16.71,-0.24,-0.04,-0.11,5.84,-0.17,-6.47,Foot Landing
16.75,-0.22,-0.06,-0.15,7.64,2.16,-6.71,Foot Landing
16.8,-0.24,-0.05,-0.11,2.65,-0.82,-9.56,Heel Liftoff
16.84,-0.28,-0.04,-0.09,5.78,1.86,-10.91,Heel Liftoff
16.88,-0.25,-0.05,-0.09,4.81,3.42,-14.07,Heel Liftoff
16.92,-0.29,-0.03,-0.11,6.59,4.31,-22.25,Heel Liftoff
16.97,-0.34,-0.02,-0.13,7.94,5.13,-34,Foot Liftoff
17.01,-0.41,0.06,-0.16,18.44,1.08,-52.45,Foot Liftoff
17.05,-0.43,0.11,-0.04,23.17,-13.48,-78.28,Foot Liftoff
17.1,-0.53,-0.24,-0.29,14.75,19.03,-75.29,Foot Liftoff
17.14,-0.17,-0.03,-0.01,40.98,-5.34,-62.22,Foot Liftoff
17.19,0.01,-0.13,-0.11,33.38,16.14,4.95,Foot Liftoff
17.23,-0.08,0.11,-0.04,-3.9,7.74,43.6,Foot Liftoff
17.27,-0.08,0.07,0.03,-13.02,0.54,56.81,Foot Liftoff
17.31,-0.13,0.03,-0.04,-16.32,0.38,69.08,Foot Liftoff
17.35,-0.22,0.01,-0.07,-15.9,-7.53,86.56,Foot Liftoff
17.4,-0.34,-0.01,-0.07,-10.22,-11.38,100.62,Heel Landing
17.44,-0.63,-0.06,-0.1,-30.23,-11.78,140.28,Heel Landing
17.49,-0.56,-0.5,-0.24,-39.16,1.54,70.91,Heel Landing
17.53,-0.38,-0.45,-0.23,0.67,4.03,25.8,Foot Landing
17.58,-0.02,0.11,-0.11,12.04,10.29,-55.64,Foot Landing
17.62,-0.35,0,-0.12,6.49,14.41,-45.33,Foot Landing
17.66,-0.19,0.05,-0.18,6.56,12.75,-32.34,Foot Landing
17.7,-0.26,-0.02,-0.09,4.68,10.5,-17.37,Foot Landing
17.75,-0.24,0.06,-0.1,3.87,6.95,-13.49,Foot Landing
17.79,-0.24,0.02,-0.12,6.73,4.38,-10.08,Foot Landing
17.83,-0.23,0.03,-0.12,7.85,1.19,-7.23,Foot Landing
17.87,-0.24,0.03,-0.11,6.29,-1.75,-6.74,Foot Landing
17.91,-0.24,0.03,-0.11,5.84,-2.12,-6.87,Foot Landing
17.96,-0.25,0.02,-0.11,5.36,-1.01,-7.93,Foot Landing
18,-0.25,0.03,-0.09,6.69,0.23,-10.13,Foot Landing
18.04,-0.24,0.02,-0.11,6.27,1.25,-12,Heel Liftoff
18.08,-0.25,0.03,-0.12,6.54,0.52,-14.58,Heel Liftoff
18.12,-0.28,0.04,-0.1,7.87,0.6,-21.55,Heel Liftoff
18.16,-0.31,0.04,-0.12,10.97,2.59,-31.29,Foot Liftoff
18.21,-0.36,0.11,-0.17,16,-4.46,-43.61,Foot Liftoff
18.25,-0.41,0.14,-0.11,24.77,-15.58,-65.54,Foot Liftoff
18.29,-0.64,-0.22,-0.28,20.53,11.71,-77.65,Foot Liftoff
18.34,-0.06,0.23,-0.06,37.27,8.45,-57.32,Foot Liftoff
18.38,-0.13,-0.24,-0.08,37.22,4.56,-15.15,Foot Liftoff
18.43,-0.08,0.13,-0.07,-14.18,12.42,38.75,Foot Liftoff
18.47,-0.05,0.11,0.06,-17.91,4.24,49.49,Foot Liftoff
18.51,-0.12,0.03,-0.04,-17.38,4.68,61.64,Foot Liftoff
18.55,-0.2,0.06,-0.05,-21.15,-4.79,82.19,Foot Liftoff
18.6,-0.32,0.09,-0.07,-17.64,-9.49,90.64,Heel Landing
18.64,-0.52,0.15,-0.12,-21.93,-11.64,91.8,Heel Landing
18.69,-0.49,-0.21,-0.29,-15.39,-0.84,76.79,Heel Landing
18.73,-0.49,-0.41,-0.29,-4.03,1.82,63.71,Heel Landing
18.77,-0.31,-0.28,-0.17,0.15,1.47,-11.09,Foot Landing
18.82,-0.49,0.68,0.17,-6.95,14.61,-48.25,Foot Landing
18.86,-0.43,-0.13,-0.15,-20.48,23.73,-47.76,Foot Landing
18.9,-0.19,0.15,-0.24,13.61,17.22,-29.16,Foot Landing
18.95,-0.18,0.09,-0.09,9.41,9.41,-17.92,Foot Landing
18.99,-0.25,0.08,-0.13,5.2,8.89,-14.22,Foot Landing
19.03,-0.22,0.04,-0.13,7.44,3.54,-10.13,Foot Landing
19.07,-0.24,0.04,-0.13,9.07,2.79,-6.52,Foot Landing
19.11,-0.23,0.04,-0.11,8.83,0,-5.27,Foot Landing
19.15,-0.23,0.04,-0.11,5.8,-0.21,-5.58,Foot Landing
19.2,-0.25,0.07,-0.1,2.2,-1.22,-6.06,Foot Landing
19.24,-0.23,0.03,-0.11,4.08,-0.33,-7.42,Foot Landing
19.28,-0.24,0.02,-0.12,4.55,0.37,-8.94,Heel Liftoff
19.32,-0.25,0.05,-0.09,6.26,0.93,-11.31,Heel Liftoff
19.36,-0.28,0.06,-0.11,6.1,2.79,-17.75,Heel Liftoff
19.4,-0.3,0.05,-0.11,9.25,5.05,-27.37,Foot Liftoff
19.44,-0.34,0.08,-0.15,16.18,2.34,-36.62,Foot Liftoff
19.49,-0.36,0.18,-0.04,22.33,-11.78,-54.31,Foot Liftoff
19.53,-0.46,0.1,-0.18,19.45,16.52,-81.97,Foot Liftoff
19.58,-0.34,0.22,-0.16,23.38,13.42,-60.36,Foot Liftoff
19.62,-0.14,-0.25,-0.15,45,-17.85,-52.74,Foot Liftoff
19.67,-0.04,0.06,-0.11,31.49,8.61,29.94,Foot Liftoff
19.71,-0.01,0.17,0.01,6.42,-2.39,47.58,Foot Liftoff
19.75,-0.08,0.07,0.05,-2.81,3.31,51.91,Foot Liftoff
19.79,-0.15,0.05,-0.07,-16.61,7.41,70.36,Foot Liftoff
19.83,-0.23,0.07,-0.07,-25.52,-0.2,87.43,Foot Liftoff
19.87,-0.39,0.12,-0.08,-18.82,-8.25,94.65,Heel Landing
19.92,-0.68,-0.03,-0.21,-17.63,-10,92.26,Heel Landing
19.96,-0.57,-0.32,-0.22,-5.98,-4.2,74.51,Foot Landing
20.01,-0.32,-0.5,-0.15,7.79,3.06,7.1,Foot Landing
20.05,0.12,0.19,-0.08,-7.84,15.12,-37.47,Foot Landing
20.09,-0.32,-0.13,-0.01,-12.49,20.72,-59.46,Foot Landing
20.14,-0.23,0.06,-0.12,18.49,10.06,-32.91,Foot Landing
20.18,-0.26,-0.02,-0.12,1.13,8,-27.64,Foot Landing
20.22,-0.27,-0.02,-0.09,7.63,6.2,-14.83,Foot Landing
20.27,-0.24,0.04,-0.11,4.19,5.16,-10.28,Foot Landing
20.31,-0.23,0.03,-0.11,5.96,3.49,-6.38,Foot Landing
20.35,-0.24,0.03,-0.12,6.56,0.86,-5.74,Foot Landing
20.39,-0.23,0.03,-0.11,7.16,-1.68,-5.31,Foot Landing
20.43,-0.24,0.04,-0.12,5.26,-1.76,-6.53,Foot Landing